time,sizeMatrix,sizeBlock
0.000007,4,2
0.000007,4,2
0.000003,4,4
0.000004,4,4
0.000005,4,2
0.009636,64,2
0.000007,4,2
0.000004,4,2
0.000006,4,2
